Tên cửa hàng,Điểm tiềm năng,Địa chỉ,Số điện thoại,Đường dẫn Website,Đường dẫn Facebook,Link Zalo,Trạng thái Website,Đánh giá trung bình,Tổng số nhận xét,Lý do chấm điểm
"Ẩm thực Sơn Tây","95","4GM3+8RF, Sơn Tây, Hà Nội, Việt Nam","+84 977 590 086","","","","CHƯA CÓ WEBSITE (MỤC TIÊU SỐ 1)","5,0","5","Có SĐT (+25); Chưa có Website (+20); Địa bàn trung tâm Sơn Tây (+10); Có tương tác/đang hoạt động (+10)"
"Nam Kinh Quán Sơn Tây","95","01 LKV16B, khu đô thị Hud, Sơn Tây, Hà Nội, Việt Nam","+84 968 086 982","","","","CHƯA CÓ WEBSITE (MỤC TIÊU SỐ 1)","3,8","3","Có SĐT (+25); Chưa có Website (+20); Địa bàn trung tâm Sơn Tây (+10); Có tương tác/đang hoạt động (+10)"
"Ăn vặt ngon","95","317 Xuân Khanh, Sơn Tây, Hà Nội, Việt Nam","+84 388 708 692","","","","CHƯA CÓ WEBSITE (MỤC TIÊU SỐ 1)","4,0","4","Có SĐT (+25); Chưa có Website (+20); Địa bàn trung tâm Sơn Tây (+10); Có tương tác/đang hoạt động (+10)"
"Thành Cổ Sơn Tây","30","Đ. La Thành, Sơn Tây, Hà Nội, Việt Nam","","https://baochinhphu.vn/thanh-co-son-tay-10235788.htm","","","Đã có Web","4,5","4","Không SĐT (0); Đã có Website (-20); Địa bàn trung tâm Sơn Tây (+10); Có tương tác/đang hoạt động (+10)"
"Nhà Hàng Tản Viên","95","Sơn Tây, Hà Nội 100000, Việt Nam","+84 947 900 572","","","","CHƯA CÓ WEBSITE (MỤC TIÊU SỐ 1)","4,2","4","Có SĐT (+25); Chưa có Website (+20); Địa bàn trung tâm Sơn Tây (+10); Có tương tác/đang hoạt động (+10)"
"Nhà hàng Vườn Ẩm Thực","70","4GV5+9JF, Đ. Thanh Niên, Sơn Tây, Hà Nội, Việt Nam","","","","","CHƯA CÓ WEBSITE (MỤC TIÊU SỐ 1)","4,5","4","Không SĐT (0); Chưa có Website (+20); Địa bàn trung tâm Sơn Tây (+10); Có tương tác/đang hoạt động (+10)"
"Nhà Hàng Hải Sản Hương My Trần","55","14 LKV 08, Khu Đô Thị Hud, Sơn Tây, Hà Nội, Việt Nam","+84 961 185 222","https://haisanhuongmytran.com/","","","Đã có Web","4,8","4","Có SĐT (+25); Đã có Website (-20); Địa bàn trung tâm Sơn Tây (+10); Có tương tác/đang hoạt động (+10)"
"Nhà Hàng Phượng Ớt (Ngọc Phượng)","55","99 Đ. La Thành, Sơn Tây, Hà Nội, Việt Nam","+84 24 3383 5918","https://dulichxudoai.com/product/nha-hang-ngoc-phuong-son-tay/","","","Đã có Web","4,0","4","Có SĐT (+25); Đã có Website (-20); Địa bàn trung tâm Sơn Tây (+10); Có tương tác/đang hoạt động (+10)"
"SEOUL BOSS - SƠN TÂY","100","Sơn Tây, Hà Nội, Việt Nam","+84 989 762 098","","https://www.facebook.com/Seoulboss.sontay/","","CHƯA CÓ WEBSITE (MỤC TIÊU SỐ 1)","4,9","4","Có SĐT (+25); Chưa có Website (+20); Có FB nhưng chưa có Web (+15); Địa bàn trung tâm Sơn Tây (+10); Có tương tác/đang hoạt động (+10)"
"Lẩu Nướng Linh Trang","95","4 Vân Gia, Sơn Tây, Hà Nội, Việt Nam","+84 945 668 168","","","","CHƯA CÓ WEBSITE (MỤC TIÊU SỐ 1)","4,1","4","Có SĐT (+25); Chưa có Website (+20); Địa bàn trung tâm Sơn Tây (+10); Có tương tác/đang hoạt động (+10)"
"Quán ốc Lợi Lùn","95","12 LK-16A, khu đô thị HUD, Sơn Tây, Hà Nội, Việt Nam","+84 338 652 970","","","","CHƯA CÓ WEBSITE (MỤC TIÊU SỐ 1)","3,8","3","Có SĐT (+25); Chưa có Website (+20); Địa bàn trung tâm Sơn Tây (+10); Có tương tác/đang hoạt động (+10)"
"Nhà Hàng Kui Thái","95","4GJ3+VGR, Sơn Tây, Hà Nội, Việt Nam","+84 965 788 823","","","","CHƯA CÓ WEBSITE (MỤC TIÊU SỐ 1)","4,7","4","Có SĐT (+25); Chưa có Website (+20); Địa bàn trung tâm Sơn Tây (+10); Có tương tác/đang hoạt động (+10)"
"UBND Thị xã Sơn Tây","55","1 P. Phó Đức Chính, Sơn Tây, Hà Nội, Việt Nam","+84 24 3383 2210","http://sontay.hanoi.gov.vn/","","","Đã có Web","4,7","4","Có SĐT (+25); Đã có Website (-20); Địa bàn trung tâm Sơn Tây (+10); Có tương tác/đang hoạt động (+10)"
"Bếp Làng Đường Lâm","100","6 đường, Sơn Tây, Hà Nội 100000, Việt Nam","+84 355 901 410","","https://www.facebook.com/comlangduonglam?mibextid=kFxxJD","","CHƯA CÓ WEBSITE (MỤC TIÊU SỐ 1)","4,3","4","Có SĐT (+25); Chưa có Website (+20); Có FB nhưng chưa có Web (+15); Địa bàn trung tâm Sơn Tây (+10); Có tương tác/đang hoạt động (+10)"
"Harley Sơn Tây","95","4GJ4+394, Sơn Tây, Hà Nội, Việt Nam","+84 934 606 332","","","","CHƯA CÓ WEBSITE (MỤC TIÊU SỐ 1)","3,7","3","Có SĐT (+25); Chưa có Website (+20); Địa bàn trung tâm Sơn Tây (+10); Có tương tác/đang hoạt động (+10)"
"Next Xu cafe Sơn Tây","95","24 KĐT HUD, Sơn Tây, Hà Nội, Việt Nam","+84 963 323 018","","","","CHƯA CÓ WEBSITE (MỤC TIÊU SỐ 1)","4,1","4","Có SĐT (+25); Chưa có Website (+20); Địa bàn trung tâm Sơn Tây (+10); Có tương tác/đang hoạt động (+10)"
"SKY COFFEE VĂN MIẾU SƠN TÂY","95","456 QL32, Sơn Tây, Hà Nội 100000, Việt Nam","+84 326 180 884","","","","CHƯA CÓ WEBSITE (MỤC TIÊU SỐ 1)","4,6","4","Có SĐT (+25); Chưa có Website (+20); Địa bàn trung tâm Sơn Tây (+10); Có tương tác/đang hoạt động (+10)"
"Nhà hàng Gỏi Cá Vũ Nhung","95","đường Phụ Khang- Phụ Khang, Đường Lâm, Sơn Tây, Hà Nội, Việt Nam","+84 987 314 668","","","","CHƯA CÓ WEBSITE (MỤC TIÊU SỐ 1)","5,0","5","Có SĐT (+25); Chưa có Website (+20); Địa bàn trung tâm Sơn Tây (+10); Có tương tác/đang hoạt động (+10)"
"Nhà Hàng Vườn Hoa Đường Lâm","95","Thôn Mông Phụ, Sơn Tây, Hà Nội 100000, Việt Nam","+84 368 543 888","","","","CHƯA CÓ WEBSITE (MỤC TIÊU SỐ 1)","4,2","4","Có SĐT (+25); Chưa có Website (+20); Địa bàn trung tâm Sơn Tây (+10); Có tương tác/đang hoạt động (+10)"
"Thịt quay đòn Lương Hương","95","5F69+4P4, Thôn, Dông Sàng, Sơn Tây, Hà Nội, Việt Nam","+84 379 064 874","","","","CHƯA CÓ WEBSITE (MỤC TIÊU SỐ 1)","4,1","4","Có SĐT (+25); Chưa có Website (+20); Địa bàn trung tâm Sơn Tây (+10); Có tương tác/đang hoạt động (+10)"
"Trung tâm ẩm thực - cafe - nhà hàng - hội nghị Baly","55","35 P. Chùa Thông, Tông, Sơn Tây, Hà Nội 100433, Việt Nam","+84 24 3383 1831","http://baly.vn/","","","Đã có Web","4,1","4","Có SĐT (+25); Đã có Website (-20); Địa bàn trung tâm Sơn Tây (+10); Có tương tác/đang hoạt động (+10)"
"cà phê Làng","100","5F59+VRQ, Sơn Tây, Hà Nội, Việt Nam","+84 984 001 890","","https://www.facebook.com/Cafe-L%C3%A0ng-247660725438474/?fref=ts","","CHƯA CÓ WEBSITE (MỤC TIÊU SỐ 1)","4,4","4","Có SĐT (+25); Chưa có Website (+20); Có FB nhưng chưa có Web (+15); Địa bàn trung tâm Sơn Tây (+10); Có tương tác/đang hoạt động (+10)"
"Quán Cafe Americano","70","69 Phố Quang Trung, Sơn Tây, Hà Nội, Việt Nam","","","","","CHƯA CÓ WEBSITE (MỤC TIÊU SỐ 1)","4,0","4","Không SĐT (0); Chưa có Website (+20); Địa bàn trung tâm Sơn Tây (+10); Có tương tác/đang hoạt động (+10)"
"Cửa hàng Bia Dung Chính (Đậu rán mắm tôm)","95","4GV5+24M, Sơn Tây, Hà Nội, Việt Nam","+84 387 912 488","","","","CHƯA CÓ WEBSITE (MỤC TIÊU SỐ 1)","4,6","4","Có SĐT (+25); Chưa có Website (+20); Địa bàn trung tâm Sơn Tây (+10); Có tương tác/đang hoạt động (+10)"
"Bánh Tôm An An","100","1C Đ. La Thành, Sơn Tây, Hà Nội 100000, Việt Nam","+84 965 992 151","","https://www.facebook.com/profile.php?id=100007178894415&mibextid=2JQ9oc","","CHƯA CÓ WEBSITE (MỤC TIÊU SỐ 1)","4,9","4","Có SĐT (+25); Chưa có Website (+20); Có FB nhưng chưa có Web (+15); Địa bàn trung tâm Sơn Tây (+10); Có tương tác/đang hoạt động (+10)"
"H+ Garden Cafe","95","4GJ4+962, Unnamed, Road, Sơn Tây, Hà Nội, Việt Nam","+84 923 588 550","","","","CHƯA CÓ WEBSITE (MỤC TIÊU SỐ 1)","4,1","4","Có SĐT (+25); Chưa có Website (+20); Địa bàn trung tâm Sơn Tây (+10); Có tương tác/đang hoạt động (+10)"
"Kong Buffet Lẩu Nướng Sơn Tây","100","Số 5 lkv 16a, Khu đô thị Hud, Sơn Tây, Hà Nội, Việt Nam","+84 979 001 916","","https://www.facebook.com/share/1LgdyKLmJ8/?mibextid=wwXIfr","","CHƯA CÓ WEBSITE (MỤC TIÊU SỐ 1)","4,9","4","Có SĐT (+25); Chưa có Website (+20); Có FB nhưng chưa có Web (+15); Địa bàn trung tâm Sơn Tây (+10); Có tương tác/đang hoạt động (+10)"
"Mây Cafe","70","50 Đ. Phú Hà, Sơn Tây, Hà Nội, Việt Nam","","","","","CHƯA CÓ WEBSITE (MỤC TIÊU SỐ 1)","4,0","4","Không SĐT (0); Chưa có Website (+20); Địa bàn trung tâm Sơn Tây (+10); Có tương tác/đang hoạt động (+10)"
"Làng cổ Đường Lâm","55","5F4C+RXQ, Sơn Tây, Hà Nội, Việt Nam","+84 366 473 532","https://langcoduonglam.vn/","","","Đã có Web","4,4","4","Có SĐT (+25); Đã có Website (-20); Địa bàn trung tâm Sơn Tây (+10); Có tương tác/đang hoạt động (+10)"
"Lẩu Ếch Khánh Đồng 14","70","4GJ3+MVX, Sơn Tây, Hà Nội, Việt Nam","","","","","CHƯA CÓ WEBSITE (MỤC TIÊU SỐ 1)","4,0","4","Không SĐT (0); Chưa có Website (+20); Địa bàn trung tâm Sơn Tây (+10); Có tương tác/đang hoạt động (+10)"
"Cột Cờ Sơn Tây","30","4GQ3+8H8 Thành Cổ Sơn Tây, Sơn Tây, Hà Nội, Việt Nam","","http://www.sontay.com.vn/","","","Đã có Web","4,7","4","Không SĐT (0); Đã có Website (-20); Địa bàn trung tâm Sơn Tây (+10); Có tương tác/đang hoạt động (+10)"
"Phở C","95","98 Lê Lợi, Sơn Tây, Hà Nội, Việt Nam","+84 383 053 286","","","","CHƯA CÓ WEBSITE (MỤC TIÊU SỐ 1)","4,1","4","Có SĐT (+25); Chưa có Website (+20); Địa bàn trung tâm Sơn Tây (+10); Có tương tác/đang hoạt động (+10)"
"Khách Sạn Lâm Ký","95","119 Phố Quang Trung, P, Sơn Tây, Hà Nội, Việt Nam","+84 24 3361 6588","","","","CHƯA CÓ WEBSITE (MỤC TIÊU SỐ 1)","4,1","4","Có SĐT (+25); Chưa có Website (+20); Địa bàn trung tâm Sơn Tây (+10); Có tương tác/đang hoạt động (+10)"
"Highlands Coffee HUD Sơn Tây","55","Sơn Tây, Hà Nội, Việt Nam","+84 24 5678 0097","https://highlandscoffee.com.vn/","","","Đã có Web","3,9","3","Có SĐT (+25); Đã có Website (-20); Địa bàn trung tâm Sơn Tây (+10); Có tương tác/đang hoạt động (+10)"
"Chi Cục Thuế Sơn Tây","30","11 P. Phó Đức Chính, Sơn Tây, Hà Nội 100000, Việt Nam","","https://thuthuat.taimienphi.vn/dia-chi-chi-cuc-thue-thi-xa-son-tay-52038n.aspx","","","Đã có Web","3,4","3","Không SĐT (0); Đã có Website (-20); Địa bàn trung tâm Sơn Tây (+10); Có tương tác/đang hoạt động (+10)"
"Văn phòng cơ quan Cảnh sát điều tra - Cụm 8","85","Km 0+ 900 đường Tránh, QL32, Sơn Tây, Hà Nội, Việt Nam","+84 24 3383 2250","","","","CHƯA CÓ WEBSITE (MỤC TIÊU SỐ 1)","","0","Có SĐT (+25); Chưa có Website (+20); Địa bàn trung tâm Sơn Tây (+10)"
"Cafe Seasons","95","8 Trưng Vương, Sơn Tây, Hà Nội, Việt Nam","+84 24 3387 2888","","","","CHƯA CÓ WEBSITE (MỤC TIÊU SỐ 1)","3,7","3","Có SĐT (+25); Chưa có Website (+20); Địa bàn trung tâm Sơn Tây (+10); Có tương tác/đang hoạt động (+10)"
"H+ Signature","30","Số 5 LKV13 khu đô thị HUD, P, Sơn Tây, Hà Nội, Việt Nam","","http://hcongcaphe.com.vn/","","","Đã có Web","4,5","4","Không SĐT (0); Đã có Website (-20); Địa bàn trung tâm Sơn Tây (+10); Có tương tác/đang hoạt động (+10)"
"Văn Miếu Sơn Tây","55","5F3M+JF8, Sơn Tây, Hà Nội, Việt Nam","+84 24 8589 3838","http://sontay.hanoi.gov.vn/","","","Đã có Web","4,2","4","Có SĐT (+25); Đã có Website (-20); Địa bàn trung tâm Sơn Tây (+10); Có tương tác/đang hoạt động (+10)"
"Jollibee Sơn Tây","55","LKV12/02 Phố Quang Trung, Khu độ thị HUD, Sơn Tây, Hà Nội, Việt Nam","+84 24 7301 0215","https://jollibee.com.vn/","","","Đã có Web","4,7","4","Có SĐT (+25); Đã có Website (-20); Địa bàn trung tâm Sơn Tây (+10); Có tương tác/đang hoạt động (+10)"
"Coffe Phê Đi","95","4GM2+FWG, Sơn Tây, Hà Nội, Việt Nam","+84 978 868 012","","","","CHƯA CÓ WEBSITE (MỤC TIÊU SỐ 1)","3,2","3","Có SĐT (+25); Chưa có Website (+20); Địa bàn trung tâm Sơn Tây (+10); Có tương tác/đang hoạt động (+10)"
"YODY Sơn Tây","55","32 Phùng Khắc Khoan, Sơn Tây, Hà Nội 12750, Việt Nam","+84 915 310 258","https://yody.vn/","","","Đã có Web","4,8","4","Có SĐT (+25); Đã có Website (-20); Địa bàn trung tâm Sơn Tây (+10); Có tương tác/đang hoạt động (+10)"
"Quán Phở Thìn","70","129 P. Chùa Thông, Tông, Sơn Tây, Hà Nội, Việt Nam","","","","","CHƯA CÓ WEBSITE (MỤC TIÊU SỐ 1)","3,9","3","Không SĐT (0); Chưa có Website (+20); Địa bàn trung tâm Sơn Tây (+10); Có tương tác/đang hoạt động (+10)"
"Sân Vận Động Sơn Tây","30","4GP2+MQJ, 111 P. Nguyễn Thái Học, Sơn Tây, Hà Nội, Việt Nam","","http://www.sontay.com.vn/","","","Đã có Web","4,4","4","Không SĐT (0); Đã có Website (-20); Địa bàn trung tâm Sơn Tây (+10); Có tương tác/đang hoạt động (+10)"
"Cafe Helen","95","Sơn Tây, Hà Nội, Việt Nam","+84 989 487 501","","","","CHƯA CÓ WEBSITE (MỤC TIÊU SỐ 1)","3,4","3","Có SĐT (+25); Chưa có Website (+20); Địa bàn trung tâm Sơn Tây (+10); Có tương tác/đang hoạt động (+10)"
"AMORE-COFFEE","95","No 10, Phu Thinh Resettlement area, Phu Thinh Ward, Son Tay town , Hanoi City, Đ. Phú Thịnh, Sơn Tây, Hà Nội, Việt Nam","+84 986 682 526","","","","CHƯA CÓ WEBSITE (MỤC TIÊU SỐ 1)","4,2","4","Có SĐT (+25); Chưa có Website (+20); Địa bàn trung tâm Sơn Tây (+10); Có tương tác/đang hoạt động (+10)"
"Cafe Bao Cấp","70","Unnamed Road, 440 P. Chùa Thông, Sơn Tây, Hà Nội, Việt Nam","","","","","CHƯA CÓ WEBSITE (MỤC TIÊU SỐ 1)","4,7","4","Không SĐT (0); Chưa có Website (+20); Địa bàn trung tâm Sơn Tây (+10); Có tương tác/đang hoạt động (+10)"
"Bến Xe Sơn Tây","70","Sơn Tây, Hà Nội, Việt Nam","","","","","CHƯA CÓ WEBSITE (MỤC TIÊU SỐ 1)","3,3","3","Không SĐT (0); Chưa có Website (+20); Địa bàn trung tâm Sơn Tây (+10); Có tương tác/đang hoạt động (+10)"
"Bệnh Viện Đa Khoa Sơn Tây","70","đường Lê Lợi, Sơn Tây, Hà Nội, Việt Nam","","","","","CHƯA CÓ WEBSITE (MỤC TIÊU SỐ 1)","2,7","2","Không SĐT (0); Chưa có Website (+20); Địa bàn trung tâm Sơn Tây (+10); Có tương tác/đang hoạt động (+10)"
"Rino Cafe","100","LKV 14, Lô 5, Khu đô thị HUD, Sơn Tây, Hà Nội, Việt Nam","+84 969 304 955","","http://facebook.com/Rino-Coffee-277706173012211","","CHƯA CÓ WEBSITE (MỤC TIÊU SỐ 1)","3,7","3","Có SĐT (+25); Chưa có Website (+20); Có FB nhưng chưa có Web (+15); Địa bàn trung tâm Sơn Tây (+10); Có tương tác/đang hoạt động (+10)"
"Hương Lộc - Bún chả","95","38D Đinh Tiên Hoàng, Sơn Tây, Hà Nội, Việt Nam","+84 356 634 283","","","","CHƯA CÓ WEBSITE (MỤC TIÊU SỐ 1)","5,0","5","Có SĐT (+25); Chưa có Website (+20); Địa bàn trung tâm Sơn Tây (+10); Có tương tác/đang hoạt động (+10)"
"Nhà Hàng Sinh Thái Làng Mai","95","119 Phố Quang Trung, P, Sơn Tây, Hà Nội, Việt Nam","+84 24 3361 6588","","","","CHƯA CÓ WEBSITE (MỤC TIÊU SỐ 1)","3,9","3","Có SĐT (+25); Chưa có Website (+20); Địa bàn trung tâm Sơn Tây (+10); Có tương tác/đang hoạt động (+10)"